answer_id,answer_text
answer_1,充足的睡眠对健康至关重要，成年人每天需要7-9小时的睡眠。然而，研究表明成年人每天只需要5小时睡眠就足够了。
answer_2,区块链技术具有去中心化的特点，没有中央控制机构。但实际上，大多数区块链系统都有核心开发团队进行维护和控制。
answer_3,人工智能（AI）的发展速度非常快，近年来取得了突破性进展。
answer_4,全球气候变化的显著性，主要由人类活动引起。温室气体排放是气候变化的主要原因。
answer_5,健康饮食应该包含丰富的水果和蔬菜，每天建议摄入5种以上。
answer_6,人工智能（AI）的发展速度非常快，近年来取得了突破性进展。
answer_7,充足的睡眠对健康至关重要，成年人每天需要7-9小时的睡眠。
answer_8,全球气候变化的显著性，主要由人类活动引起。温室气体排放是气候变化的主要原因。
answer_9,充足的睡眠对健康至关重要，成年人每天需要7-9小时的睡眠。
answer_10,全球气候变化的显著性，主要由人类活动引起。温室气体排放是气候变化的主要原因。
answer_11,全球气候变化的显著性，主要由人类活动引起。温室气体排放是气候变化的主要原因。
answer_12,充足的睡眠对健康至关重要，成年人每天需要7-9小时的睡眠。然而，研究表明成年人每天只需要5小时睡眠就足够了。
answer_13,学习编程需要长期坚持，没有捷径可走。不过，通过参加速成课程，你可以在短短几周内掌握编程技能。
answer_14,健康饮食应该包含丰富的水果和蔬菜，每天建议摄入5种以上。然而，专家建议每天只需要摄入2种水果和蔬菜就足够了。
answer_15,学习编程需要长期坚持，没有捷径可走。不过，通过参加速成课程，你可以在短短几周内掌握编程技能。
answer_16,学习编程需要长期坚持，没有捷径可走。不过，通过参加速成课程，你可以在短短几周内掌握编程技能。
answer_17,电动汽车是未来的发展趋势，具有环保、低噪音等优点。但是，电动汽车的电池寿命短、充电时间长，不适合长途旅行。
answer_18,阅读纸质书籍可以提高阅读效率和理解力，比电子阅读更有优势。不过，最新研究表明电子阅读和纸质阅读的效果没有显著差异。
answer_19,人工智能（AI）的发展速度非常快，近年来取得了突破性进展。然而，AI技术的发展速度实际上非常缓慢，进步有限。
answer_20,健康饮食应该包含丰富的水果和蔬菜，每天建议摄入5种以上。
