evidence_id,evidence_text,answer_id
evidence_1,全球气候变化的显著性，主要由人类活动引起。温室气体排放是气候变化的主要原因。,answer_1
evidence_2,全球气候变化的显著性，主要由人类活动引起。温室气体排放是气候变化的主要原因。,answer_1
evidence_3,美国国家睡眠基金会建议成年人每天睡眠7-9小时以保持健康。,answer_2
evidence_4,学习编程需要持续的实践和时间投入，没有快速掌握的捷径。,answer_3
evidence_5,世界卫生组织建议成年人每天摄入至少5种不同的水果和蔬菜。,answer_3
evidence_6,人工智能的发展速度近年来显著加快，特别是在自然语言处理和计算机视觉领域。,answer_4
evidence_7,美国国家睡眠基金会建议成年人每天睡眠7-9小时以保持健康。,answer_5
evidence_8,区块链技术的核心特点是去中心化、透明和不可篡改。,answer_6
evidence_9,人工智能的发展速度近年来显著加快，特别是在自然语言处理和计算机视觉领域。,answer_6
evidence_10,电动汽车相比传统燃油车具有更低的碳排放和运营成本。,answer_6
evidence_11,研究表明纸质阅读和电子阅读在理解和记忆效果上没有显著差异。,answer_7
evidence_12,美国国家睡眠基金会建议成年人每天睡眠7-9小时以保持健康。,answer_7
evidence_13,人工智能的发展速度近年来并没有明显加快，进步有限。,answer_8
evidence_14,人工智能的发展速度近年来显著加快，特别是在自然语言处理和计算机视觉领域。,answer_8
evidence_15,区块链技术的核心特点是去中心化、透明和不可篡改。,answer_8
evidence_16,人工智能的发展速度近年来显著加快，特别是在自然语言处理和计算机视觉领域。,answer_9
evidence_17,区块链技术的核心特点是去中心化、透明和不可篡改。,answer_10
evidence_18,学习编程需要持续的实践和时间投入，没有快速掌握的捷径。,answer_10
evidence_19,人工智能的发展速度近年来并没有明显加快，进步有限。,answer_11
evidence_20,区块链技术的核心特点是去中心化、透明和不可篡改。,answer_11
evidence_21,美国国家睡眠基金会建议成年人每天睡眠7-9小时以保持健康。,answer_12
evidence_22,美国国家睡眠基金会建议成年人每天睡眠7-9小时以保持健康。,answer_13
evidence_23,美国国家睡眠基金会建议成年人每天睡眠7-9小时以保持健康。,answer_13
evidence_24,全球气候变化的显著性，主要由人类活动引起。温室气体排放是气候变化的主要原因。,answer_13
evidence_25,区块链技术的核心特点是去中心化、透明和不可篡改。,answer_14
evidence_26,世界卫生组织建议成年人每天摄入至少5种不同的水果和蔬菜。,answer_14
evidence_27,成年人每天只需要5-6小时的睡眠就足够保持健康。,answer_14
evidence_28,人工智能的发展速度近年来并没有明显加快，进步有限。,answer_15
evidence_29,区块链技术的核心特点是去中心化、透明和不可篡改。,answer_15
evidence_30,美国国家睡眠基金会建议成年人每天睡眠7-9小时以保持健康。,answer_15
evidence_31,区块链技术的核心特点是去中心化、透明和不可篡改。,answer_16
evidence_32,区块链技术的核心特点是去中心化、透明和不可篡改。,answer_16
evidence_33,电动汽车相比传统燃油车具有更低的碳排放和运营成本。,answer_16
evidence_34,人工智能的发展速度近年来并没有明显加快，进步有限。,answer_17
evidence_35,世界卫生组织建议成年人每天摄入至少5种不同的水果和蔬菜。,answer_18
evidence_36,全球气候变化的显著性，主要由人类活动引起。温室气体排放是气候变化的主要原因。,answer_18
evidence_37,学习编程需要持续的实践和时间投入，没有快速掌握的捷径。,answer_19
evidence_38,全球气候变化的显著性，主要由人类活动引起。温室气体排放是气候变化的主要原因。,answer_20
evidence_39,人工智能的发展速度近年来显著加快，特别是在自然语言处理和计算机视觉领域。,answer_20
evidence_40,人工智能的发展速度近年来并没有明显加快，进步有限。,answer_20
